{
    "A": 0.0862301424575175,
    "B": 0.04739364609714573,
    "C": 0.07277998672882105,
    "D": 0.06759453362907875,
    "E": 0.05082238165378459,
    "F": 0.014599124779592115,
    "G": 0.030771963539068865,
    "H": 0.02423568345025922,
    "I": 0.010610032038190458,
    "J": 0.12523195733223227,
    "K": 0.04919802913449844,
    "L": 0.05561680673714611,
    "M": 0.09359625966189272,
    "N": 0.023102453259550203,
    "O": 0.006988419505272922,
    "P": 0.02608081817342396,
    "Q": 0.0008509172422237463,
    "R": 0.06665797064400163,
    "S": 0.061084629235598105,
    "T": 0.040147160358824506,
    "U": 0.0004571204767409619,
    "V": 0.013710627816546986,
    "W": 0.023678866500998697,
    "X": 0.0008682985351301171,
    "Y": 0.0025767135028802383,
    "Z": 0.005115457509580074
}